Statement of Account,,,,,
Account No: XXXX1234,,,,,
Date,Narration,Chq./Ref.No.,Value Dt,Withdrawal Amt.,Deposit Amt.,Closing Balance
01/09/24,UPI-SWIGGY-ORDER 8821,0001,01/09/24,"1,250.50",,48749.50
02/09/24,UPI-BIGBASKET GROCERY,0002,02/09/24,980.00,,47769.50
03/09/24,SALARY CREDIT ACME LTD,0003,03/09/24,,"60,000.00",107769.50
04/09/24,UPI-UBER INDIA,0004,04/09/24,230.00,,107539.50
05/09/24,BESCOM ELECTRICITY BILL,0005,05/09/24,"1,840.00",,105699.50
06/09/24,UPI-BOOKMYSHOW MOVIE,0006,06/09/24,640.00,,105059.50
07/09/24,UPI-AMAZON PAY,0007,07/09/24,"2,399.00",,102660.50
08/09/24,ATM CASH WDL MG ROAD,0008,08/09/24,"5,000.00",,97660.50
09/09/24,UPI-APOLLO PHARMACY,0009,09/09/24,415.00,,97245.50
10/09/24,AIRTEL RECHARGE,0010,10/09/24,599.00,,96646.50
